[
    {
        "Id": "347e6253f4e4e48f023dede568f5820d60589bf5707b0296997fa82facb1d169",
        "Created": "2023-11-14T13:42:53.737700761Z",
        "Path": "python3",
        "Args": [
            "-u",
            "./main.py"
        ],
        "State": {
            "Status": "running",
            "Running": true,
            "Paused": false,
            "Restarting": false,
            "OOMKilled": false,
            "Dead": false,
            "Pid": 547416,
            "ExitCode": 0,
            "Error": "",
            "StartedAt": "2023-11-14T13:42:54.323372041Z",
            "FinishedAt": "0001-01-01T00:00:00Z"
        },
        "Image": "sha256:cdc28d0cf4798157ec3ee9adb8d0e4a1d2b90dd1c27eeadaa8b592dceb8e5f36",
        "ResolvConfPath": "/var/lib/docker/containers/347e6253f4e4e48f023dede568f5820d60589bf5707b0296997fa82facb1d169/resolv.conf",
        "HostnamePath": "/var/lib/docker/containers/347e6253f4e4e48f023dede568f5820d60589bf5707b0296997fa82facb1d169/hostname",
        "HostsPath": "/var/lib/docker/containers/347e6253f4e4e48f023dede568f5820d60589bf5707b0296997fa82facb1d169/hosts",
        "LogPath": "/var/lib/docker/containers/347e6253f4e4e48f023dede568f5820d60589bf5707b0296997fa82facb1d169/347e6253f4e4e48f023dede568f5820d60589bf5707b0296997fa82facb1d169-json.log",
        "Name": "/filtermodule",
        "RestartCount": 0,
        "Driver": "overlay2",
        "Platform": "linux",
        "MountLabel": "",
        "ProcessLabel": "",
        "AppArmorProfile": "docker-default",
        "ExecIDs": null,
        "HostConfig": {
            "Binds": [
                "/var/run/iotedge/workload.sock:/var/run/iotedge/workload.sock"
            ],
            "ContainerIDFile": "",
            "LogConfig": {
                "Type": "json-file",
                "Config": {}
            },
            "NetworkMode": "default",
            "PortBindings": null,
            "RestartPolicy": {
                "Name": "",
                "MaximumRetryCount": 0
            },
            "AutoRemove": false,
            "VolumeDriver": "",
            "VolumesFrom": null,
            "ConsoleSize": [
                0,
                0
            ],
            "CapAdd": null,
            "CapDrop": null,
            "CgroupnsMode": "host",
            "Dns": null,
            "DnsOptions": null,
            "DnsSearch": null,
            "ExtraHosts": null,
            "GroupAdd": null,
            "IpcMode": "private",
            "Cgroup": "",
            "Links": null,
            "OomScoreAdj": 0,
            "PidMode": "",
            "Privileged": false,
            "PublishAllPorts": false,
            "ReadonlyRootfs": false,
            "SecurityOpt": null,
            "UTSMode": "",
            "UsernsMode": "",
            "ShmSize": 67108864,
            "Runtime": "runc",
            "Isolation": "",
            "CpuShares": 0,
            "Memory": 0,
            "NanoCpus": 0,
            "CgroupParent": "",
            "BlkioWeight": 0,
            "BlkioWeightDevice": null,
            "BlkioDeviceReadBps": null,
            "BlkioDeviceWriteBps": null,
            "BlkioDeviceReadIOps": null,
            "BlkioDeviceWriteIOps": null,
            "CpuPeriod": 0,
            "CpuQuota": 0,
            "CpuRealtimePeriod": 0,
            "CpuRealtimeRuntime": 0,
            "CpusetCpus": "",
            "CpusetMems": "",
            "Devices": null,
            "DeviceCgroupRules": null,
            "DeviceRequests": null,
            "MemoryReservation": 0,
            "MemorySwap": 0,
            "MemorySwappiness": null,
            "OomKillDisable": false,
            "PidsLimit": null,
            "Ulimits": null,
            "CpuCount": 0,
            "CpuPercent": 0,
            "IOMaximumIOps": 0,
            "IOMaximumBandwidth": 0,
            "MaskedPaths": [
                "/proc/asound",
                "/proc/acpi",
                "/proc/kcore",
                "/proc/keys",
                "/proc/latency_stats",
                "/proc/timer_list",
                "/proc/timer_stats",
                "/proc/sched_debug",
                "/proc/scsi",
                "/sys/firmware"
            ],
            "ReadonlyPaths": [
                "/proc/bus",
                "/proc/fs",
                "/proc/irq",
                "/proc/sys",
                "/proc/sysrq-trigger"
            ]
        },
        "GraphDriver": {
            "Data": {
                "LowerDir": "/var/lib/docker/overlay2/b1100e1a55b534454d670daebf4708f6f96e963264b7503dccd78773dba9b794-init/diff:/var/lib/docker/overlay2/4ac421b29477bb13b7cb04fa49497eff88404c63532dc2383ad32e434ccd39b8/diff:/var/lib/docker/overlay2/f1fe4c9ef46ffa3ede5820cae6caa375eaf0de2653c4924b753b941cc6a6264b/diff:/var/lib/docker/overlay2/067824bcfd49ce07a0e969c07d9cadf3d9cdaa38d948fdd2351dfe8bd43d8419/diff:/var/lib/docker/overlay2/9c796735e7f8ac299181addaf63a8f80781db5b8dd8005a7b396f26cc85470aa/diff:/var/lib/docker/overlay2/e4e2e35889199d2a5f62ef121e551efb6bee39464d294f0ce7d40ff99e4f3c9d/diff:/var/lib/docker/overlay2/873c76ff4cca2e41238be5c895f29cbe430d3427f176a78c2a460cf7c7d5959f/diff:/var/lib/docker/overlay2/8db75fca3b5b0600969fdbb26efea51a9492c5df5aaca792fd2c03c58bc018ed/diff:/var/lib/docker/overlay2/9159d3d09d70319f835ea335bd13ce807bcc9d86c9f51f79dd2f3ad2e6899443/diff:/var/lib/docker/overlay2/fea785376a6b96d226356eea3e424ac44eb9aeea38cc4912d478cab9acf65a9b/diff:/var/lib/docker/overlay2/ad3144b1de4cebc67084c0d51797734df87ca8423982a5474c519696692c5d5f/diff:/var/lib/docker/overlay2/d3e4cae9987c14c93cd77929f99c4851634e74be6c3500d148793f2f3bb74acb/diff:/var/lib/docker/overlay2/0dc23ac73003679a31869bd438570639e19f2406ae5d0c6ead361595e942ec2b/diff",
                "MergedDir": "/var/lib/docker/overlay2/b1100e1a55b534454d670daebf4708f6f96e963264b7503dccd78773dba9b794/merged",
                "UpperDir": "/var/lib/docker/overlay2/b1100e1a55b534454d670daebf4708f6f96e963264b7503dccd78773dba9b794/diff",
                "WorkDir": "/var/lib/docker/overlay2/b1100e1a55b534454d670daebf4708f6f96e963264b7503dccd78773dba9b794/work"
            },
            "Name": "overlay2"
        },
        "Mounts": [
            {
                "Type": "bind",
                "Source": "/var/run/iotedge/workload.sock",
                "Destination": "/var/run/iotedge/workload.sock",
                "Mode": "",
                "RW": true,
                "Propagation": "rprivate"
            }
        ],
        "Config": {
            "Hostname": "347e6253f4e4",
            "Domainname": "",
            "User": "",
            "AttachStdin": false,
            "AttachStdout": false,
            "AttachStderr": false,
            "Tty": false,
            "OpenStdin": false,
            "StdinOnce": false,
            "Env": [
                "IOTEDGE_APIVERSION=2019-01-30",
                "IOTEDGE_AUTHSCHEME=sasToken",
                "IOTEDGE_DEVICEID=edgedevice89",
                "IOTEDGE_GATEWAYHOSTNAME=edgedevicetest7",
                "IOTEDGE_IOTHUBHOSTNAME=vanderlende-hub-dev-001.azure-devices.net",
                "IOTEDGE_MODULEGENERATIONID=638355661511263396",
                "IOTEDGE_MODULEID=filtermodule",
                "IOTEDGE_WORKLOADURI=unix:///var/run/iotedge/workload.sock",
                "RuntimeLogLevel=Information",
                "PATH=/usr/local/bin:/usr/local/sbin:/usr/local/bin:/usr/sbin:/usr/bin:/sbin:/bin",
                "LANG=C.UTF-8",
                "GPG_KEY=E3FF2839C048B25C084DEBE9B26995E310250568",
                "PYTHON_VERSION=3.9.18",
                "PYTHON_PIP_VERSION=23.0.1",
                "PYTHON_SETUPTOOLS_VERSION=58.1.0",
                "PYTHON_GET_PIP_URL=https://github.com/pypa/get-pip/raw/c6add47b0abf67511cdfb4734771cbab403af062/public/get-pip.py",
                "PYTHON_GET_PIP_SHA256=22b849a10f86f5ddf7ce148ca2a31214504ee6c83ef626840fde6e5dcd809d11"
            ],
            "Cmd": [
                "python3",
                "-u",
                "./main.py"
            ],
            "Image": "edgemanagementimagecontainerv2.azurecr.io/filtermodule4:latest",
            "Volumes": null,
            "WorkingDir": "/app",
            "Entrypoint": null,
            "OnBuild": null,
            "Labels": {
                "net.azure-devices.edge.original-image": "edgemanagementimagecontainerv2.azurecr.io/filtermodule4:latest",
                "net.azure-devices.edge.owner": "Microsoft.Azure.Devices.Edge.Agent"
            }
        },
        "NetworkSettings": {
            "Bridge": "",
            "SandboxID": "16ea7ce03295b152eaeb0be351f07d724689e49ea9348e96b96b385613080c5e",
            "HairpinMode": false,
            "LinkLocalIPv6Address": "",
            "LinkLocalIPv6PrefixLen": 0,
            "Ports": {},
            "SandboxKey": "/var/run/docker/netns/16ea7ce03295",
            "SecondaryIPAddresses": null,
            "SecondaryIPv6Addresses": null,
            "EndpointID": "",
            "Gateway": "",
            "GlobalIPv6Address": "",
            "GlobalIPv6PrefixLen": 0,
            "IPAddress": "",
            "IPPrefixLen": 0,
            "IPv6Gateway": "",
            "MacAddress": "",
            "Networks": {
                "azure-iot-edge": {
                    "IPAMConfig": null,
                    "Links": null,
                    "Aliases": [
                        "347e6253f4e4"
                    ],
                    "NetworkID": "0d9a3236f35e0511254401a85122b7cacf06972c3c8e8f75fafe80e0a5e62c6b",
                    "EndpointID": "5762173ac9544e47607e3f20549c298d4a939d04e6a0b24f084f86dee1903184",
                    "Gateway": "172.18.0.1",
                    "IPAddress": "172.18.0.9",
                    "IPPrefixLen": 16,
                    "IPv6Gateway": "",
                    "GlobalIPv6Address": "",
                    "GlobalIPv6PrefixLen": 0,
                    "MacAddress": "02:42:ac:12:00:09",
                    "DriverOpts": null
                }
            }
        }
    }
]
