[
    {
        "Id": "00613637b9441d07d0d1a58446c0f00a18a70b31597f168b07f58b245ae47b73",
        "Created": "2023-10-11T07:19:17.871012563Z",
        "Path": "dotnet",
        "Args": [
            "Microsoft.Streaming.Runtime.Container.Edge.App.dll"
        ],
        "State": {
            "Status": "running",
            "Running": true,
            "Paused": false,
            "Restarting": false,
            "OOMKilled": false,
            "Dead": false,
            "Pid": 529163,
            "ExitCode": 0,
            "Error": "",
            "StartedAt": "2023-11-14T13:02:09.248801928Z",
            "FinishedAt": "2023-11-14T12:53:20.615039344Z"
        },
        "Image": "sha256:f4fb5b5fc0c6852cf1e40ef600e9b6240cf23cdfe069b9d7ffa6012a00127a71",
        "ResolvConfPath": "/var/lib/docker/containers/00613637b9441d07d0d1a58446c0f00a18a70b31597f168b07f58b245ae47b73/resolv.conf",
        "HostnamePath": "/var/lib/docker/containers/00613637b9441d07d0d1a58446c0f00a18a70b31597f168b07f58b245ae47b73/hostname",
        "HostsPath": "/var/lib/docker/containers/00613637b9441d07d0d1a58446c0f00a18a70b31597f168b07f58b245ae47b73/hosts",
        "LogPath": "/var/lib/docker/containers/00613637b9441d07d0d1a58446c0f00a18a70b31597f168b07f58b245ae47b73/00613637b9441d07d0d1a58446c0f00a18a70b31597f168b07f58b245ae47b73-json.log",
        "Name": "/rollingaverage",
        "RestartCount": 0,
        "Driver": "overlay2",
        "Platform": "linux",
        "MountLabel": "",
        "ProcessLabel": "",
        "AppArmorProfile": "docker-default",
        "ExecIDs": null,
        "HostConfig": {
            "Binds": [
                "/var/run/iotedge/workload.sock:/var/run/iotedge/workload.sock"
            ],
            "ContainerIDFile": "",
            "LogConfig": {
                "Type": "json-file",
                "Config": {}
            },
            "NetworkMode": "default",
            "PortBindings": null,
            "RestartPolicy": {
                "Name": "",
                "MaximumRetryCount": 0
            },
            "AutoRemove": false,
            "VolumeDriver": "",
            "VolumesFrom": null,
            "ConsoleSize": [
                0,
                0
            ],
            "CapAdd": null,
            "CapDrop": null,
            "CgroupnsMode": "host",
            "Dns": [],
            "DnsOptions": [],
            "DnsSearch": [],
            "ExtraHosts": null,
            "GroupAdd": null,
            "IpcMode": "private",
            "Cgroup": "",
            "Links": null,
            "OomScoreAdj": 0,
            "PidMode": "",
            "Privileged": false,
            "PublishAllPorts": false,
            "ReadonlyRootfs": false,
            "SecurityOpt": null,
            "UTSMode": "",
            "UsernsMode": "",
            "ShmSize": 67108864,
            "Runtime": "runc",
            "Isolation": "",
            "CpuShares": 0,
            "Memory": 0,
            "NanoCpus": 0,
            "CgroupParent": "",
            "BlkioWeight": 0,
            "BlkioWeightDevice": null,
            "BlkioDeviceReadBps": null,
            "BlkioDeviceWriteBps": null,
            "BlkioDeviceReadIOps": null,
            "BlkioDeviceWriteIOps": null,
            "CpuPeriod": 0,
            "CpuQuota": 0,
            "CpuRealtimePeriod": 0,
            "CpuRealtimeRuntime": 0,
            "CpusetCpus": "",
            "CpusetMems": "",
            "Devices": null,
            "DeviceCgroupRules": null,
            "DeviceRequests": null,
            "MemoryReservation": 0,
            "MemorySwap": 0,
            "MemorySwappiness": null,
            "OomKillDisable": false,
            "PidsLimit": null,
            "Ulimits": null,
            "CpuCount": 0,
            "CpuPercent": 0,
            "IOMaximumIOps": 0,
            "IOMaximumBandwidth": 0,
            "MaskedPaths": [
                "/proc/asound",
                "/proc/acpi",
                "/proc/kcore",
                "/proc/keys",
                "/proc/latency_stats",
                "/proc/timer_list",
                "/proc/timer_stats",
                "/proc/sched_debug",
                "/proc/scsi",
                "/sys/firmware"
            ],
            "ReadonlyPaths": [
                "/proc/bus",
                "/proc/fs",
                "/proc/irq",
                "/proc/sys",
                "/proc/sysrq-trigger"
            ]
        },
        "GraphDriver": {
            "Data": {
                "LowerDir": "/var/lib/docker/overlay2/2262b5a69ea6cd922131d82f4944e68dae6809d14575a86c5fbd9fee2445a653-init/diff:/var/lib/docker/overlay2/c6a93bc87cd9b16b552697188b833a715c363ab67e19cd8dc73291841d0d4129/diff:/var/lib/docker/overlay2/f93498639b07d72d283e1a143fad185baaf15453d705937043c1efd8ac192af8/diff:/var/lib/docker/overlay2/8a6bd8a08255e0fd61128b8095373697774e14b3d322a979b9b2cbbeb86258ee/diff:/var/lib/docker/overlay2/7a3c448b57bfd1739a4543b29be4749eee7ae33df22afdd3b0ef53b93a6fdacd/diff:/var/lib/docker/overlay2/c8bd47d11b10d65d1f69e074fad3925bc3b748bf74281c46c2ae377918d0050d/diff:/var/lib/docker/overlay2/0ff36d991a492292cb12a23dd9ea7d54f90183d66b67facc90b21a4a6ba25f49/diff:/var/lib/docker/overlay2/cb1f260766511f9f4ba580657c7e266afc4e2697b253a446d50515d323e3a241/diff",
                "MergedDir": "/var/lib/docker/overlay2/2262b5a69ea6cd922131d82f4944e68dae6809d14575a86c5fbd9fee2445a653/merged",
                "UpperDir": "/var/lib/docker/overlay2/2262b5a69ea6cd922131d82f4944e68dae6809d14575a86c5fbd9fee2445a653/diff",
                "WorkDir": "/var/lib/docker/overlay2/2262b5a69ea6cd922131d82f4944e68dae6809d14575a86c5fbd9fee2445a653/work"
            },
            "Name": "overlay2"
        },
        "Mounts": [
            {
                "Type": "bind",
                "Source": "/var/run/iotedge/workload.sock",
                "Destination": "/var/run/iotedge/workload.sock",
                "Mode": "",
                "RW": true,
                "Propagation": "rprivate"
            }
        ],
        "Config": {
            "Hostname": "00613637b944",
            "Domainname": "",
            "User": "",
            "AttachStdin": false,
            "AttachStdout": false,
            "AttachStderr": false,
            "Tty": false,
            "OpenStdin": false,
            "StdinOnce": false,
            "Env": [
                "IOTEDGE_APIVERSION=2019-01-30",
                "IOTEDGE_AUTHSCHEME=sasToken",
                "IOTEDGE_DEVICEID=edgedevice89",
                "IOTEDGE_GATEWAYHOSTNAME=edgedevicetest7",
                "IOTEDGE_IOTHUBHOSTNAME=vanderlende-hub-dev-001.azure-devices.net",
                "IOTEDGE_MODULEGENERATIONID=638308764027225106",
                "IOTEDGE_MODULEID=rollingaverage",
                "IOTEDGE_WORKLOADURI=unix:///var/run/iotedge/workload.sock",
                "PlanId=stream-analytics-on-iot-edge",
                "RuntimeLogLevel=Information",
                "PATH=/usr/local/sbin:/usr/local/bin:/usr/sbin:/usr/bin:/sbin:/bin",
                "ASPNETCORE_URLS=http://+:80",
                "DOTNET_RUNNING_IN_CONTAINER=true",
                "DOTNET_SYSTEM_GLOBALIZATION_INVARIANT=true",
                "DOTNET_VERSION=2.1.13"
            ],
            "Cmd": [
                "dotnet",
                "Microsoft.Streaming.Runtime.Container.Edge.App.dll"
            ],
            "Image": "mcr.microsoft.com/azure-stream-analytics/azureiotedge:1.0.7",
            "Volumes": null,
            "WorkingDir": "/app",
            "Entrypoint": null,
            "OnBuild": null,
            "Labels": {
                "net.azure-devices.edge.original-image": "mcr.microsoft.com/azure-stream-analytics/azureiotedge:1.0.7",
                "net.azure-devices.edge.owner": "Microsoft.Azure.Devices.Edge.Agent"
            }
        },
        "NetworkSettings": {
            "Bridge": "",
            "SandboxID": "9fdd108f3a63066887225a410000117710f23658eaf831ce72b1eeabbf120684",
            "HairpinMode": false,
            "LinkLocalIPv6Address": "",
            "LinkLocalIPv6PrefixLen": 0,
            "Ports": {},
            "SandboxKey": "/var/run/docker/netns/9fdd108f3a63",
            "SecondaryIPAddresses": null,
            "SecondaryIPv6Addresses": null,
            "EndpointID": "",
            "Gateway": "",
            "GlobalIPv6Address": "",
            "GlobalIPv6PrefixLen": 0,
            "IPAddress": "",
            "IPPrefixLen": 0,
            "IPv6Gateway": "",
            "MacAddress": "",
            "Networks": {
                "azure-iot-edge": {
                    "IPAMConfig": null,
                    "Links": null,
                    "Aliases": [
                        "00613637b944"
                    ],
                    "NetworkID": "0d9a3236f35e0511254401a85122b7cacf06972c3c8e8f75fafe80e0a5e62c6b",
                    "EndpointID": "cc53aa857a7c6923b6d5db1d413063dd1a32fb0b0e0d74b1f647824d741eb5c8",
                    "Gateway": "172.18.0.1",
                    "IPAddress": "172.18.0.4",
                    "IPPrefixLen": 16,
                    "IPv6Gateway": "",
                    "GlobalIPv6Address": "",
                    "GlobalIPv6PrefixLen": 0,
                    "MacAddress": "02:42:ac:12:00:04",
                    "DriverOpts": null
                }
            }
        }
    }
]
