[
    {
        "Id": "094e7020dbcc8aa9fd5ecc0256d1fa2dff5cc6e4f78dbcca40e0277c94ce9c5c",
        "Created": "2023-11-15T10:10:53.657842042Z",
        "Path": "python",
        "Args": [
            "app.py"
        ],
        "State": {
            "Status": "running",
            "Running": true,
            "Paused": false,
            "Restarting": false,
            "OOMKilled": false,
            "Dead": false,
            "Pid": 901999,
            "ExitCode": 0,
            "Error": "",
            "StartedAt": "2023-11-15T10:17:03.701385343Z",
            "FinishedAt": "2023-11-15T10:17:03.042560596Z"
        },
        "Image": "sha256:ef776de8774153cc51ede3fc32d34fe9b00767fab6bfb6f5482054a614e8a789",
        "ResolvConfPath": "/var/lib/docker/containers/094e7020dbcc8aa9fd5ecc0256d1fa2dff5cc6e4f78dbcca40e0277c94ce9c5c/resolv.conf",
        "HostnamePath": "/var/lib/docker/containers/094e7020dbcc8aa9fd5ecc0256d1fa2dff5cc6e4f78dbcca40e0277c94ce9c5c/hostname",
        "HostsPath": "/var/lib/docker/containers/094e7020dbcc8aa9fd5ecc0256d1fa2dff5cc6e4f78dbcca40e0277c94ce9c5c/hosts",
        "LogPath": "/var/lib/docker/containers/094e7020dbcc8aa9fd5ecc0256d1fa2dff5cc6e4f78dbcca40e0277c94ce9c5c/094e7020dbcc8aa9fd5ecc0256d1fa2dff5cc6e4f78dbcca40e0277c94ce9c5c-json.log",
        "Name": "/tmod",
        "RestartCount": 0,
        "Driver": "overlay2",
        "Platform": "linux",
        "MountLabel": "",
        "ProcessLabel": "",
        "AppArmorProfile": "docker-default",
        "ExecIDs": null,
        "HostConfig": {
            "Binds": [
                "/var/run/iotedge/workload.sock:/var/run/iotedge/workload.sock"
            ],
            "ContainerIDFile": "",
            "LogConfig": {
                "Type": "json-file",
                "Config": {}
            },
            "NetworkMode": "default",
            "PortBindings": null,
            "RestartPolicy": {
                "Name": "",
                "MaximumRetryCount": 0
            },
            "AutoRemove": false,
            "VolumeDriver": "",
            "VolumesFrom": null,
            "ConsoleSize": [
                0,
                0
            ],
            "CapAdd": null,
            "CapDrop": null,
            "CgroupnsMode": "host",
            "Dns": null,
            "DnsOptions": null,
            "DnsSearch": null,
            "ExtraHosts": null,
            "GroupAdd": null,
            "IpcMode": "private",
            "Cgroup": "",
            "Links": null,
            "OomScoreAdj": 0,
            "PidMode": "",
            "Privileged": false,
            "PublishAllPorts": false,
            "ReadonlyRootfs": false,
            "SecurityOpt": null,
            "UTSMode": "",
            "UsernsMode": "",
            "ShmSize": 67108864,
            "Runtime": "runc",
            "Isolation": "",
            "CpuShares": 0,
            "Memory": 0,
            "NanoCpus": 0,
            "CgroupParent": "",
            "BlkioWeight": 0,
            "BlkioWeightDevice": null,
            "BlkioDeviceReadBps": null,
            "BlkioDeviceWriteBps": null,
            "BlkioDeviceReadIOps": null,
            "BlkioDeviceWriteIOps": null,
            "CpuPeriod": 0,
            "CpuQuota": 0,
            "CpuRealtimePeriod": 0,
            "CpuRealtimeRuntime": 0,
            "CpusetCpus": "",
            "CpusetMems": "",
            "Devices": null,
            "DeviceCgroupRules": null,
            "DeviceRequests": null,
            "MemoryReservation": 0,
            "MemorySwap": 0,
            "MemorySwappiness": null,
            "OomKillDisable": false,
            "PidsLimit": null,
            "Ulimits": null,
            "CpuCount": 0,
            "CpuPercent": 0,
            "IOMaximumIOps": 0,
            "IOMaximumBandwidth": 0,
            "MaskedPaths": [
                "/proc/asound",
                "/proc/acpi",
                "/proc/kcore",
                "/proc/keys",
                "/proc/latency_stats",
                "/proc/timer_list",
                "/proc/timer_stats",
                "/proc/sched_debug",
                "/proc/scsi",
                "/sys/firmware"
            ],
            "ReadonlyPaths": [
                "/proc/bus",
                "/proc/fs",
                "/proc/irq",
                "/proc/sys",
                "/proc/sysrq-trigger"
            ]
        },
        "GraphDriver": {
            "Data": {
                "LowerDir": "/var/lib/docker/overlay2/e005d6c9d0bc27dddbb945907afe330e7aa895da2c0f71850103cc657be0c211-init/diff:/var/lib/docker/overlay2/7b1c35c53918a034946a9660197cde307656e7915fe695a114bbea88225865f5/diff:/var/lib/docker/overlay2/3e79cc05624d7c77e4e2c09eaf0eb517c2b218c7d9ec80395da04a4c4fa1b81e/diff:/var/lib/docker/overlay2/09cb9f34e4c121f50782f01813ab04271d1a99d6453c6684a26c46d29ae4af63/diff:/var/lib/docker/overlay2/96dd4d4d907ac09ee59868bc5d48c058b8e82c77bba1b73d8a27df730bf73a0a/diff:/var/lib/docker/overlay2/ae8ed6c16bae23dc4c2f39de69e893c45df7ef8050a39a2c110a159a41bdc031/diff:/var/lib/docker/overlay2/99e2810de19c42c907147b33855511c2e948e14d223ec89a1abfaf8ad8b58be7/diff:/var/lib/docker/overlay2/8024fa7baaa7a39df3b5ab2ca35783f3ea248f83808471fca8223d0a1eeb5dd6/diff:/var/lib/docker/overlay2/b6c61fce9ff3134af36f9943298e6a557f21db744d7fcdf6537aa90fc7d5899a/diff:/var/lib/docker/overlay2/0ddcbf6106f157164c3a969df71f933b4928c7617bdf5012ef1c0a82603c7451/diff",
                "MergedDir": "/var/lib/docker/overlay2/e005d6c9d0bc27dddbb945907afe330e7aa895da2c0f71850103cc657be0c211/merged",
                "UpperDir": "/var/lib/docker/overlay2/e005d6c9d0bc27dddbb945907afe330e7aa895da2c0f71850103cc657be0c211/diff",
                "WorkDir": "/var/lib/docker/overlay2/e005d6c9d0bc27dddbb945907afe330e7aa895da2c0f71850103cc657be0c211/work"
            },
            "Name": "overlay2"
        },
        "Mounts": [
            {
                "Type": "bind",
                "Source": "/var/run/iotedge/workload.sock",
                "Destination": "/var/run/iotedge/workload.sock",
                "Mode": "",
                "RW": true,
                "Propagation": "rprivate"
            }
        ],
        "Config": {
            "Hostname": "094e7020dbcc",
            "Domainname": "",
            "User": "",
            "AttachStdin": false,
            "AttachStdout": false,
            "AttachStderr": false,
            "Tty": false,
            "OpenStdin": false,
            "StdinOnce": false,
            "Env": [
                "IOTEDGE_APIVERSION=2019-01-30",
                "IOTEDGE_AUTHSCHEME=sasToken",
                "IOTEDGE_DEVICEID=edgedevice89",
                "IOTEDGE_GATEWAYHOSTNAME=edgedevicetest7",
                "IOTEDGE_IOTHUBHOSTNAME=vanderlende-hub-dev-001.azure-devices.net",
                "IOTEDGE_MODULEGENERATIONID=638356398266395369",
                "IOTEDGE_MODULEID=tmod",
                "IOTEDGE_WORKLOADURI=unix:///var/run/iotedge/workload.sock",
                "RuntimeLogLevel=Information",
                "PATH=/usr/local/bin:/usr/local/sbin:/usr/local/bin:/usr/sbin:/usr/bin:/sbin:/bin",
                "LANG=C.UTF-8",
                "GPG_KEY=E3FF2839C048B25C084DEBE9B26995E310250568",
                "PYTHON_VERSION=3.9.17",
                "PYTHON_PIP_VERSION=23.0.1",
                "PYTHON_SETUPTOOLS_VERSION=58.1.0",
                "PYTHON_GET_PIP_URL=https://github.com/pypa/get-pip/raw/0d8570dc44796f4369b652222cf176b3db6ac70e/public/get-pip.py",
                "PYTHON_GET_PIP_SHA256=96461deced5c2a487ddc65207ec5a9cffeca0d34e7af7ea1afc470ff0d746207"
            ],
            "Cmd": [
                "python",
                "app.py"
            ],
            "Image": "edgemanagementimagecontainerv2.azurecr.io/tmodbus:latest",
            "Volumes": null,
            "WorkingDir": "/app",
            "Entrypoint": null,
            "OnBuild": null,
            "Labels": {
                "net.azure-devices.edge.original-image": "edgemanagementimagecontainerv2.azurecr.io/tmodbus:latest",
                "net.azure-devices.edge.owner": "Microsoft.Azure.Devices.Edge.Agent"
            }
        },
        "NetworkSettings": {
            "Bridge": "",
            "SandboxID": "3da7763ab26a8f3ec3f2266ef20e43724f1f720efe3f9b0eb5fa12cfe8f561e5",
            "HairpinMode": false,
            "LinkLocalIPv6Address": "",
            "LinkLocalIPv6PrefixLen": 0,
            "Ports": {},
            "SandboxKey": "/var/run/docker/netns/3da7763ab26a",
            "SecondaryIPAddresses": null,
            "SecondaryIPv6Addresses": null,
            "EndpointID": "",
            "Gateway": "",
            "GlobalIPv6Address": "",
            "GlobalIPv6PrefixLen": 0,
            "IPAddress": "",
            "IPPrefixLen": 0,
            "IPv6Gateway": "",
            "MacAddress": "",
            "Networks": {
                "azure-iot-edge": {
                    "IPAMConfig": null,
                    "Links": null,
                    "Aliases": [
                        "094e7020dbcc"
                    ],
                    "NetworkID": "0d9a3236f35e0511254401a85122b7cacf06972c3c8e8f75fafe80e0a5e62c6b",
                    "EndpointID": "2b7b112aa2d68005f76cb823d8617dc70a3282bcc156e4e3cd5a92747f1286ba",
                    "Gateway": "172.18.0.1",
                    "IPAddress": "172.18.0.11",
                    "IPPrefixLen": 16,
                    "IPv6Gateway": "",
                    "GlobalIPv6Address": "",
                    "GlobalIPv6PrefixLen": 0,
                    "MacAddress": "02:42:ac:12:00:0b",
                    "DriverOpts": null
                }
            }
        }
    }
]
