[
    {
        "Name": "azure-iot-edge",
        "Id": "0d9a3236f35e0511254401a85122b7cacf06972c3c8e8f75fafe80e0a5e62c6b",
        "Created": "2023-09-21T07:00:05.534483435Z",
        "Scope": "local",
        "Driver": "bridge",
        "EnableIPv6": false,
        "IPAM": {
            "Driver": "default",
            "Options": null,
            "Config": [
                {
                    "Subnet": "172.18.0.0/16",
                    "Gateway": "172.18.0.1"
                }
            ]
        },
        "Internal": false,
        "Attachable": false,
        "Ingress": false,
        "ConfigFrom": {
            "Network": ""
        },
        "ConfigOnly": false,
        "Containers": {
            "00613637b9441d07d0d1a58446c0f00a18a70b31597f168b07f58b245ae47b73": {
                "Name": "rollingaverage",
                "EndpointID": "cc53aa857a7c6923b6d5db1d413063dd1a32fb0b0e0d74b1f647824d741eb5c8",
                "MacAddress": "02:42:ac:12:00:04",
                "IPv4Address": "172.18.0.4/16",
                "IPv6Address": ""
            },
            "015c81d4c4e69f438166c7c19517cbd1cbd437f9286f0b83e397578bf0872ba3": {
                "Name": "health",
                "EndpointID": "1d1dcd1c0ca2d18845695294ad8564e95cfc4c8a305c6b2d5d8e7d994c168db5",
                "MacAddress": "02:42:ac:12:00:05",
                "IPv4Address": "172.18.0.5/16",
                "IPv6Address": ""
            },
            "094e7020dbcc8aa9fd5ecc0256d1fa2dff5cc6e4f78dbcca40e0277c94ce9c5c": {
                "Name": "tmod",
                "EndpointID": "2b7b112aa2d68005f76cb823d8617dc70a3282bcc156e4e3cd5a92747f1286ba",
                "MacAddress": "02:42:ac:12:00:0b",
                "IPv4Address": "172.18.0.11/16",
                "IPv6Address": ""
            },
            "0e4374c41092450de5d1ef5193b0cf376353ab4de40c0f3beaaf53361f41c324": {
                "Name": "opcua",
                "EndpointID": "b5da7ef14a58d8cff2ba9695860f3ff64a3d5298235b904d11aa8d8c7b668a64",
                "MacAddress": "02:42:ac:12:00:08",
                "IPv4Address": "172.18.0.8/16",
                "IPv6Address": ""
            },
            "126af2fb9139dfdd1477d439b257b7a21e486d6995f90c7d73dc19a083f96807": {
                "Name": "fmodule",
                "EndpointID": "0e2ca5cf58d8500137f2e2c0767cad877fcbbca3113cdef64f65690cd257f147",
                "MacAddress": "02:42:ac:12:00:0d",
                "IPv4Address": "172.18.0.13/16",
                "IPv6Address": ""
            },
            "1678d4020be0eeb93209ccb766a593a21d5cf72374ea6d6959f664e3e8e3d64b": {
                "Name": "modbustcp",
                "EndpointID": "d116ca19a8859a79f69269f3362c6f50a974d2599029825c90af543818e7b676",
                "MacAddress": "02:42:ac:12:00:03",
                "IPv4Address": "172.18.0.3/16",
                "IPv6Address": ""
            },
            "347e6253f4e4e48f023dede568f5820d60589bf5707b0296997fa82facb1d169": {
                "Name": "filtermodule",
                "EndpointID": "5762173ac9544e47607e3f20549c298d4a939d04e6a0b24f084f86dee1903184",
                "MacAddress": "02:42:ac:12:00:09",
                "IPv4Address": "172.18.0.9/16",
                "IPv6Address": ""
            },
            "44fb49e207f863a04cc7003ab8265db5cc4d2475ab3ac355ccb10198b8141fd6": {
                "Name": "rulesengine",
                "EndpointID": "40c3f4b50b6c59740d0d20ef0ff9fd1903637bcf92bfa6a92dae0df9eb826924",
                "MacAddress": "02:42:ac:12:00:07",
                "IPv4Address": "172.18.0.7/16",
                "IPv6Address": ""
            },
            "562027af3d390fc939d776b40b16b3abd65cc5b57aa73507e4768039f80a2c4c": {
                "Name": "sample",
                "EndpointID": "9a4a28231586793e44e16d3f450e7f65c7dcfcae0678fd5020449cad23639e50",
                "MacAddress": "02:42:ac:12:00:0c",
                "IPv4Address": "172.18.0.12/16",
                "IPv6Address": ""
            },
            "ae6bb967b5b59349ee0c4e793b24c942dc8c2b9eadb8fbe9f337d9fce3544472": {
                "Name": "edgeHub",
                "EndpointID": "5d928b74b47847a904964fdf8ba83d5cb5d1c9eb54e1d075c24fa08080c56861",
                "MacAddress": "02:42:ac:12:00:06",
                "IPv4Address": "172.18.0.6/16",
                "IPv6Address": ""
            },
            "c9a6a956b843d2db789f5ba94f2e7800723294e55ef76a4bcb45b5e140707352": {
                "Name": "newedge",
                "EndpointID": "b1fe827b2910d35cb008b390f3eeb5e8509e21d984d90d6565e3e87f89c28b06",
                "MacAddress": "02:42:ac:12:00:0a",
                "IPv4Address": "172.18.0.10/16",
                "IPv6Address": ""
            },
            "e1a8c50f06253ccb2374f6b92bea2ebb7e22faf4a34d38d5881a0db6d29be721": {
                "Name": "edgeAgent",
                "EndpointID": "5c0e277a39404991b8bba80b9a574aa4d3d255eea5618d7ad2db3f258732e0d2",
                "MacAddress": "02:42:ac:12:00:02",
                "IPv4Address": "172.18.0.2/16",
                "IPv6Address": ""
            }
        },
        "Options": {},
        "Labels": {}
    }
]
