[
    {
        "Name": "none",
        "Id": "e0b35f961860fb21463fe86f42ba2e279dbdfc59a72334875986217c597b2b7e",
        "Created": "2023-09-21T06:40:56.707732257Z",
        "Scope": "local",
        "Driver": "null",
        "EnableIPv6": false,
        "IPAM": {
            "Driver": "default",
            "Options": null,
            "Config": []
        },
        "Internal": false,
        "Attachable": false,
        "Ingress": false,
        "ConfigFrom": {
            "Network": ""
        },
        "ConfigOnly": false,
        "Containers": {},
        "Options": {},
        "Labels": {}
    }
]
