{"additional_info":{"aziot_edged_version":"1.4.16","docker_version":"23.0.6+azure-2","now":"2023-11-17T05:03:00.797567511Z","os":{"arch":"x86_64","bitness":64,"id":"ubuntu","version_id":"20.04"},"system_info":{"disks":[],"total_ram":"7.70 GiB","total_swap":"0 B","used_ram":"2.16 GiB","used_swap":"0 B"}},"checks":{"aziot-edge-version":{"result":{"result":"warning","details":["Installed IoT Edge daemon has version 1.4.16 but 1.4.20 is the latest stable version available.\nPlease see https://aka.ms/iotedge-update-runtime for update instructions."]},"additional_info":{"actual_version":"1.4.16","expected_version":"1.4.20"}},"aziot-edged-config-well-formed":{"result":{"result":"ok"},"additional_info":{}},"aziot-version":{"result":{"result":"warning","details":["Installed aziot-identity-service package has version 1.4.5 but 1.4.6 is the latest stable version available.\nPlease see https://aka.ms/aziot-update-runtime for update instructions."]},"additional_info":{"actual_version":"1.4.5","expected_version":"1.4.6"}},"certd-config-well-formed":{"result":{"result":"ok"},"additional_info":{}},"certd-running":{"result":{"result":"ok"},"additional_info":{}},"certs-match-private-keys":{"result":{"result":"ok"},"additional_info":{}},"certs-preloaded":{"result":{"result":"ok"},"additional_info":{}},"certs-read":{"result":{"result":"ok"},"additional_info":{}},"check-agent-image":{"result":{"result":"skipped"},"additional_info":{}},"config-up-to-date":{"result":{"result":"ok"},"additional_info":{}},"configs-up-to-date":{"result":{"result":"ok"},"additional_info":{}},"connect-management-uri":{"result":{"result":"ok"},"additional_info":{"connect_management_uri":"unix:///var/run/iotedge/mgmt.sock","listen_management_uri":"fd://aziot-edged.mgmt.socket"}},"container-connect-upstream-amqp":{"result":{"result":"skipped"},"additional_info":{"diagnostics_image_name":null,"network_name":null,"proxy":null,"upstream_hostname":null,"upstream_port":"Amqp"}},"container-connect-upstream-https":{"result":{"result":"skipped"},"additional_info":{"diagnostics_image_name":null,"network_name":null,"proxy":null,"upstream_hostname":null,"upstream_port":"Https"}},"container-connect-upstream-mqtt":{"result":{"result":"skipped"},"additional_info":{"diagnostics_image_name":null,"network_name":null,"proxy":null,"upstream_hostname":null,"upstream_port":"Mqtt"}},"container-default-connect-upstream-amqp":{"result":{"result":"skipped"},"additional_info":{"diagnostics_image_name":null,"network_name":null,"proxy":null,"upstream_hostname":null,"upstream_port":"Amqp"}},"container-default-connect-upstream-https":{"result":{"result":"skipped"},"additional_info":{"diagnostics_image_name":null,"network_name":null,"proxy":null,"upstream_hostname":null,"upstream_port":"Https"}},"container-default-connect-upstream-mqtt":{"result":{"result":"skipped"},"additional_info":{"diagnostics_image_name":null,"network_name":null,"proxy":null,"upstream_hostname":null,"upstream_port":"Mqtt"}},"container-engine-dns":{"result":{"result":"warning","details":["Container engine is not configured with DNS server setting, which may impact connectivity to IoT Hub.\nPlease see https://aka.ms/iotedge-prod-checklist-dns for best practices.\nYou can ignore this warning if you are setting DNS server per module in the Edge deployment.","Could not open container engine config file /etc/docker/daemon.json","No such file or directory (os error 2)"]},"additional_info":{"container_engine_config_path":"/etc/docker/daemon.json","dns":null}},"container-engine-ipv6":{"result":{"result":"ignored"},"additional_info":{"actual_use_ipv6":null,"expected_use_ipv6":false}},"container-engine-logrotate":{"result":{"result":"warning","details":["Container engine is not configured to rotate module logs which may cause it run out of disk space.\nPlease see https://aka.ms/iotedge-prod-checklist-logs for best practices.\nYou can ignore this warning if you are setting log policy per module in the Edge deployment.","Could not open container engine config file /etc/docker/daemon.json","No such file or directory (os error 2)"]},"additional_info":{"daemon_config":null}},"container-engine-uri":{"result":{"result":"ok"},"additional_info":{"docker_host_arg":"unix:///var/run/docker.sock","docker_server_version":"23.0.6+azure-2"}},"container-local-time":{"result":{"result":"ok"},"additional_info":{"actual_duration":{"nanos":0,"secs":1700197384},"diff":0,"expected_duration":{"nanos":708214945,"secs":1700197384}}},"container-resolve-parent-hostname":{"result":{"result":"ignored"},"additional_info":{}},"edge-agent-storage-mounted-from-host":{"result":{"result":"warning","details":["The edgeAgent module is not configured to persist its /tmp/edgeAgent directory on the host filesystem.\nData might be lost if the module is deleted or updated.\nPlease see https://aka.ms/iotedge-storage-host for best practices."]},"additional_info":{"container_directories":["/var/run/iotedge/mgmt.sock","/var/run/iotedge/workload.sock"],"storage_directory":"/tmp/edgeAgent"}},"edge-hub-storage-mounted-from-host":{"result":{"result":"warning","details":["The edgeHub module is not configured to persist its /tmp/edgeHub directory on the host filesystem.\nData might be lost if the module is deleted or updated.\nPlease see https://aka.ms/iotedge-storage-host for best practices."]},"additional_info":{"container_directories":["/var/run/iotedge/workload.sock"],"storage_directory":"/tmp/edgeHub"}},"est-identity-and-bootstrap-certificate-expiry":{"result":{"result":"ignored"},"additional_info":{"bootstrap_certificate_info":null,"identity_certificate_info":null}},"est-server-https":{"result":{"result":"ok"},"additional_info":{}},"host-connect-dps-endpoint":{"result":{"result":"ok"},"additional_info":{"dps_endpoint":"https://global.azure-devices-provisioning.net/","dps_hostname":"global.azure-devices-provisioning.net","proxy":null}},"host-connect-iothub-amqp":{"result":{"result":"warning","details":["Could not retrieve iothub_hostname from provisioning file.\nPlease specify the backing IoT Hub name using --iothub-hostname switch if you have that information.\nSince no hostname is provided, all hub connectivity tests will be skipped."]},"additional_info":{"iothub_hostname":null,"port_number":5671,"proxy":null}},"host-connect-iothub-https":{"result":{"result":"warning","details":["Could not retrieve iothub_hostname from provisioning file.\nPlease specify the backing IoT Hub name using --iothub-hostname switch if you have that information.\nSince no hostname is provided, all hub connectivity tests will be skipped."]},"additional_info":{"iothub_hostname":null,"port_number":443,"proxy":null}},"host-connect-iothub-mqtt":{"result":{"result":"warning","details":["Could not retrieve iothub_hostname from provisioning file.\nPlease specify the backing IoT Hub name using --iothub-hostname switch if you have that information.\nSince no hostname is provided, all hub connectivity tests will be skipped."]},"additional_info":{"iothub_hostname":null,"port_number":8883,"proxy":null}},"host-local-time":{"result":{"result":"ok"},"additional_info":{"offset":0}},"hostname":{"result":{"result":"ok"},"additional_info":{"config_hostname":"edgedevicetest7","machine_hostname":"edgedevicetest7"}},"identity-certificate-expiry":{"result":{"result":"ok"},"additional_info":{"certificate_info":{"cert_id":"device-id","cert_name":"DPS identity","not_after":"2024-09-20T06:33:19Z","not_before":"2023-09-21T06:33:19Z"},"provisioning_mode":"dps-x509"}},"identityd-config-well-formed":{"result":{"result":"ok"},"additional_info":{}},"identityd-running":{"result":{"result":"ok"},"additional_info":{}},"key-pairs-read":{"result":{"result":"ok"},"additional_info":{}},"keyd-config-well-formed":{"result":{"result":"ok"},"additional_info":{}},"keyd-running":{"result":{"result":"ok"},"additional_info":{}},"local-ca-certificate-expiry":{"result":{"result":"ignored"},"additional_info":{"certificate_info":null}},"parent_hostname":{"result":{"result":"ignored"},"additional_info":{"config_parent_hostname":null}},"proxy-settings":{"result":{"result":"ok"},"additional_info":{}},"tpmd-config-well-formed":{"result":{"result":"ok"},"additional_info":{}},"tpmd-running":{"result":{"result":"ignored"},"additional_info":{}}}}
